ProductId,ProductNumber,ProductName,CSPC,UPC,SCC,SetSubsetId,BrandId,AgentId,RetailPrice,UnitSizeML,ItemsPerUnit,UnitsPerCase,ContainerType,ListDelistCode,ListDate,DelistDate,Created_DT,Updated_DT
1977,0371500,Pelee Island Lighthouse Sauvignon Blanc VQA,0371500,777081716051,10777081716058,546,9203,207,13.45,750,1,12,BOTTLE,2,2013-11-06,NULL,2015-05-03 20:38:05.683,2017-06-06 10:30:43.033
2461,0377564,12 Singing Moon (Pelee Island),0377564,777081716204,10777081716201,545,4394,207,9.25,750,1,12,BOTTLE,5,2014-02-03,2014-10-06,2015-05-03 20:38:05.683,2017-08-29 10:42:00.407
3060,0388355,99 Vinedresser Chardonnay Barrique (Pelee Isl,0388355,777081710301,10777081710308,540,4394,207,8.95,750,1,12,BOTTLE,5,1997-07-30,2001-12-20,2015-05-03 20:38:05.683,2015-05-07 03:28:26.880
3278,0393405,Pelee Island Monarch Vidal VQA,0393405,777081710868,10777081710865,544,4791,207,11.45,750,1,12,BOTTLE,2,1995-03-08,NULL,2015-05-03 20:38:05.683,2017-08-01 08:30:42.650
3290,0393751,Pelee Island Chardonnay VQA,0393751,777081510123,10777081510120,540,4813,207,17.95,1500,1,6,BOTTLE,2,1995-03-15,NULL,2015-05-03 20:38:05.683,2017-08-29 10:42:00.407
3291,0393769,Pelee Island Cabernet Sauvignon,0393769,777081520764,10777081520761,538,4812,207,16.95,1500,1,6,BOTTLE,2,1995-03-15,NULL,2015-05-03 20:38:05.683,2017-05-02 10:30:40.303
3292,0393777,Pelee Island Gewürztraminer (V),0393777,777081510208,10777081510205,126,4811,207,16.45,1500,1,6,BOTTLE,5,1995-03-15,1998-08-11,2015-05-03 20:38:05.683,2015-05-07 03:28:26.880
3969,0433714,Pelee Island Cabernet Franc VQA,0433714,777081720904,10777081720901,559,5133,207,11.95,750,1,12,BOTTLE,2,1996-03-20,NULL,2015-05-03 20:38:05.683,2017-08-29 10:42:00.407
3996,0435321,Pelee Island Cabernet Sauvignon Merlot VQA,0435321,777081720669,10777081720666,555,5154,207,13.95,750,1,12,BOTTLE,2,1996-04-03,NULL,2015-05-03 20:38:05.683,2016-10-12 10:31:25.310
4384,0458521,Pelee Island Pinot Noir Reserve VQA,0458521,777081725466,10777081725463,557,5482,207,17.45,750,1,12,BOTTLE,2,1997-10-10,NULL,2015-05-03 20:38:05.683,2016-09-27 10:30:47.090
4640,0470823,Pelee Island Merlot,0470823,777081721222,10777081721229,535,5438,207,10.45,750,1,12,BOTTLE,2,1997-07-30,NULL,2015-05-03 20:38:05.683,2017-07-05 10:30:49.027
4659,0472886,Pelee Island Sauvignon Blanc,0472886,777081711421,80777081711427,131,380,207,6.60,750,1,12,BOTTLE,5,1997-07-30,2003-02-04,2015-05-03 20:38:05.683,NULL
4798,0485128,Pelee Island Baco Noir VQA,0485128,777081721260,10777081721267,556,5484,207,12.95,750,1,12,BOTTLE,2,1997-10-10,NULL,2015-05-03 20:38:05.683,2017-04-12 15:11:24.660
4799,0485136,Pelee Island Late Harvest Vidal VQA *,0485136,777081311171,10777081311178,136,5483,207,5.85,375,1,12,BOTTLE,5,1997-10-10,2001-02-09,2015-05-03 20:38:05.683,NULL
5929,0511170,Nq Pelee Island Sauvignon Blanc *,0511170,777081711469,10777081711466,131,7367,207,7.95,750,1,12,BOTTLE,5,2002-07-25,2006-06-08,2015-05-03 20:38:05.683,2015-05-07 03:28:26.880
7133,0100057,Pelee Island Trio Blanc VQA Duty Free*,0100057,777081712190,10777081713927,271,7016,207,7.05,750,1,12,BOTTLE,5,2003-02-10,2003-09-19,2015-05-03 20:38:05.683,NULL
7134,0100065,Pelee Island Cabernet Franc VQA Duty Free*,0100065,777081720904,10777081723889,271,5133,207,8.05,750,1,12,BOTTLE,5,2003-02-11,2003-09-19,2015-05-03 20:38:05.683,NULL
8969,0890442,Pelee Island Canada Games 2001 Cab-Fra. VQA *,0890442,777081721970,10777081721977,138,5133,207,9.95,750,1,12,BOTTLE,5,2001-01-26,2003-04-10,2015-05-03 20:38:05.683,2015-05-07 03:28:26.880
9077,0891531,Internatl Plowing Match Sauv Blanc Sp Labl Hl,0891531,777081711971,10777081711978,131,6376,207,7.95,750,1,12,BOTTLE,5,1999-09-01,2003-04-10,2015-05-03 20:38:05.683,2016-08-24 10:31:03.517
9078,0891549,Internatl Plowing Mtch Cabernet Sp Labl Hl*,0891549,777081721987,10777081721984,135,6375,207,8.25,750,1,12,BOTTLE,5,1999-09-01,2003-04-14,2015-05-03 20:38:05.683,NULL
9079,0891556,Oakville 2000 Heritage Trails Blanc De Blanc,0891556,777081711933,10777081711930,131,6416,207,9.25,750,1,12,BOTTLE,5,1999-09-27,2003-01-29,2015-05-03 20:38:05.683,2015-05-07 03:28:26.880
9080,0891564,Oakville 2000 Heritage Trails Baco Noir Sl *,0891564,777081721949,10777081721946,135,6415,207,9.95,750,1,12,BOTTLE,5,1999-09-27,2003-04-10,2015-05-03 20:38:05.683,NULL
9148,0892240,Chi-Cheemaun Prem Select Chardonnay Sp Labl H,0892240,777081711957,1077708171195,126,6373,207,6.45,750,1,12,BOTTLE,5,1999-08-31,2001-02-10,2015-05-03 20:38:05.683,2015-05-07 03:28:26.880
9149,0892257,Chi-Cheemaun Cabernet Franc Sp Label Hl*,0892257,777081721963,1077708172192,138,6374,207,6.00,750,1,12,BOTTLE,5,1999-08-31,2001-02-10,2015-05-03 20:38:05.683,NULL
9340,0894162,Stratford Festival Pinot Gris 1994 *,0894162,,0,126,4832,207,4.70,750,1,12,BOTTLE,5,1995-03-27,1995-10-11,2015-05-03 20:38:05.683,NULL
9429,0895052,Pelee Island Canada Games 2001 Chardonnay VQA,0895052,777081712008,10777081712005,136,375,207,9.75,750,1,12,BOTTLE,5,2001-01-26,2002-03-28,2015-05-03 20:38:05.683,2015-05-07 03:28:26.880
9432,0895086,Camp Oochigeas Blanc De Blanc,0895086,777081711308,10777081711305,126,5338,207,6.95,750,1,12,BOTTLE,5,1997-04-15,1997-10-29,2015-05-03 20:38:05.683,NULL
9448,0895243,Pelee Island Gamay Noir Nouveau VQA *,0895243,777081720829,10777081720826,138,5005,207,8.10,750,1,12,BOTTLE,5,2002-11-04,2003-12-12,2015-05-03 20:38:05.683,2015-05-07 03:28:26.880
9451,0895276,Port Carling Gamay/Zweigelt VQA *,0895276,,0,128,5142,207,8.50,750,1,12,BOTTLE,5,1996-03-28,1996-08-26,2015-05-03 20:38:05.683,NULL
9453,0895292,Camp Oochigeas Cabernet,0895292,777081721345,10777081721342,122,5338,207,6.95,750,1,12,BOTTLE,5,1997-04-15,1997-10-29,2015-05-03 20:38:05.683,NULL
9544,0896217,Fergus Scottish Festival Blanc De Blanc * Hl,0896217,,0,120,5183,207,3.45,750,1,12,BOTTLE,5,1996-06-06,1996-10-17,2015-05-03 20:38:05.683,NULL
9754,0898312,Kincardine Blanc De Blanc VQA P.I.*Hl,0898312,777081711315,10777081711312,126,5572,207,8.95,750,1,12,BOTTLE,5,1998-02-05,1999-12-13,2015-05-03 20:38:05.683,NULL
9889,0899666,Pelee Island Late Harvest Riesling Df,0899666,777081710349,1077708171102,271,6467,207,8.95,750,1,12,BOTTLE,5,1991-11-15,2004-03-12,2015-05-03 20:38:05.683,NULL
9890,0899674,Pelee Island Blanc De Blanc Df,0899674,777081110514,10777081710988,271,1901,207,6.95,750,1,12,BOTTLE,5,1991-11-15,2005-06-07,2015-05-03 20:38:05.683,NULL
9900,0899773,Pelee Island Riesling Dry Df,0899773,777081710028,10777081711022,271,717,207,7.05,750,1,12,BOTTLE,5,1991-11-13,2003-09-19,2015-05-03 20:38:05.683,NULL
11808,0107763,Pelee Island Monarch Red VQA,0107763,777081725213,10777081725210,554,5484,207,10.95,750,1,12,BOTTLE,2,2008-08-08,NULL,2015-05-03 20:38:05.683,2017-08-01 08:30:42.650
12029,0109991,Pelee Island Gewürztraminer Riesling VQA,0109991,777081715221,10777081715228,549,9203,207,13.45,750,1,12,BOTTLE,2,2008-08-26,NULL,2015-05-03 20:38:05.683,2017-04-12 15:11:24.660
14547,0135939,Pelee Island Pinot Noir VQA,0135939,777081720706,10777081720703,557,1628,207,14.45,750,1,12,BOTTLE,2,1984-08-08,NULL,2015-05-03 20:38:05.683,2016-09-27 10:30:47.090
14548,0135947,Pelee Island Rose,0135947,,0,112,3080,207,3.90,750,1,12,BOTTLE,5,1985-09-03,1990-10-17,2015-05-03 20:38:05.683,NULL
14551,0135970,Pelee Island Gewürztraminer,0135970,777081714842,10777081714849,532,379,207,10.95,750,1,12,BOTTLE,2,1989-09-06,NULL,2015-05-03 20:38:05.683,2017-08-29 10:42:00.407
14552,0135988,Pelee Island Scheurebe VQA (V),0135988,777081710066,10777081710063,136,1625,207,5.45,750,1,12,BOTTLE,5,1984-08-08,2000-09-05,2015-05-03 20:38:05.683,NULL
14555,0136010,Pelee Island Riesling Late Harvest VQA,0136010,777081710349,10777081710346,541,4399,207,15.95,750,1,12,BOTTLE,2,1984-08-08,2016-10-26,2015-05-03 20:38:05.683,2017-07-25 10:31:25.920
14556,0136028,Pelee Island Time Riesling Vidal VQA,0136028,777081710028,10777081710025,542,376,207,12.45,750,1,12,BOTTLE,2,1984-08-08,NULL,2015-05-03 20:38:05.683,2017-02-14 10:30:42.563
14557,0136036,Pelee Island Vin Villa,0136036,777081110552,10777081110559,120,380,207,4.45,1000,1,12,BOTTLE,5,1984-08-08,1997-11-04,2015-05-03 20:38:05.683,NULL
14558,0136044,Pelee Island Chardonnay VQA,0136044,777081710103,10777081710100,540,375,207,11.95,750,1,12,BOTTLE,2,1984-08-08,NULL,2015-05-03 20:38:05.683,2017-08-29 10:42:00.407
20073,0145417,Pelee Island Lighthouse Riesling VQA,0145417,777081715382,10777081715389,541,9203,207,12.45,750,1,12,BOTTLE,2,2010-01-06,NULL,2015-05-03 20:38:05.683,2017-08-29 10:42:00.407
20076,0145441,Pelee Island Lighthouse Cabernet Franc VQA,0145441,777081725367,10777081725364,559,9203,207,13.45,750,1,12,BOTTLE,2,2010-01-08,NULL,2015-05-03 20:38:05.683,2016-07-05 10:31:23.540
21320,0158048,Pelee Island Rouge,0158048,777081120797,10777081120794,534,382,207,8.10,1000,1,12,BOTTLE,5,1985-09-03,2011-03-25,2015-05-03 20:38:05.683,NULL
22159,0166637,Pelee Island Rouge,0166637,777081520801,10777081520808,534,382,207,12.95,1500,1,6,BOTTLE,2,1986-10-07,NULL,2015-05-03 20:38:05.683,2017-08-29 10:42:00.407
22160,0166645,Pelee Island Sauvignon Blanc,0166645,777081511441,10777081511448,131,380,207,13.95,1500,1,6,BOTTLE,5,1986-10-07,2002-09-27,2015-05-03 20:38:05.683,NULL
23694,0182105,03 Vidal Icewine VQA Pelee (Pelee Island),0182105,777081310457,10777081310454,650,4394,207,40.05,375,1,12,BOTTLE,5,1996-09-17,2006-05-26,2015-05-03 20:38:05.683,2015-05-07 09:37:23.737
24111,0186312,Timmins Diamond Jubilee Red,0186312,,0,116,3079,207,4.85,1000,1,12,BOTTLE,5,1986-10-07,1989-06-28,2015-05-03 20:38:05.683,NULL
25286,0198226,Alvar Chardonnay Gewürztraminer VQA,0198226,777081715450,10777081715457,542,9203,207,6.75,750,1,12,BOTTLE,5,2010-09-17,2013-12-27,2015-05-03 20:38:05.683,2016-04-11 13:13:51.500
28576,0526392,Select Lt.Har. 1997 Scheurebe VQA (Pelee Isl),0526392,777081311652,10777081311659,548,4394,207,9.95,375,1,24,BOTTLE,5,1998-11-04,2001-12-20,2015-05-03 20:38:05.683,NULL
28585,0527036,#08 Gewürztraminer Reserve VQA (Pelee Island),0527036,777081511458,10777081511455,547,4400,207,12.95,750,1,12,BOTTLE,5,1999-03-15,2013-09-17,2015-05-03 20:38:05.683,2015-05-07 03:28:26.880
28639,0529354,Pelee Island Pelee Pink VQA,0529354,777081723967,10777081723964,593,7582,207,11.95,750,1,12,BOTTLE,2,2003-07-16,NULL,2015-05-03 20:38:05.683,2017-08-01 08:30:42.650
28682,0530576,10 Cabernet Sauvignon VQA (Pelee Island Winer,0530576,777081721789,10777081271786,560,4394,207,12.20,750,1,12,BOTTLE,4,2001-04-20,2013-05-14,2015-05-03 20:38:05.683,2015-05-07 03:28:26.880
28683,0530584,&Cabernet/Merlot 1997 VQA (Pelee Island),0530584,777081320654,10777081320651,555,4394,207,9.95,375,1,6,BOTTLE,5,1999-02-12,2001-12-20,2015-05-03 20:38:05.683,NULL
30177,0569491,Pelee Island Blush*,0569491,777081711995,10777081711992,132,6799,207,5.95,750,1,12,BOTTLE,5,2000-09-19,2003-07-11,2015-05-03 20:38:05.683,NULL
31248,0590083,Pelee Island Cabernet Franc VQA Gift Box**,0590083,777081722922,10777081722929,240,5133,207,12.45,750,1,6,BOTTLE,5,2001-03-23,2002-02-08,2015-05-03 20:38:05.683,NULL
31249,0590091,Pelee Island Prem.Select Chardonnay VQA Gift,0590091,777081712930,10777081712937,240,375,207,12.95,750,1,6,BOTTLE,5,2001-03-23,2002-02-08,2015-05-03 20:38:05.683,2015-05-07 03:28:26.880
31407,0591719,Pelee Island Eco White VQA,0591719,777081712190,1077708171218,542,7016,207,11.95,750,1,12,BOTTLE,2,2001-05-07,NULL,2015-05-03 20:38:05.683,2017-02-14 10:30:42.563
31648,0594168,Pelee Island Merlot,0594168,777081521242,1077708152125,535,5438,207,18.45,1500,1,6,BOTTLE,2,2001-06-13,NULL,2015-05-03 20:38:05.683,2017-05-09 10:30:41.610
31650,0594184,Pelee Island Late Harvest Vidal VQA,0594184,777081711186,10777081711183,544,7257,207,12.95,750,1,12,BOTTLE,2,2002-02-28,NULL,2015-05-03 20:38:05.683,2017-03-14 10:30:41.217
31659,0594275,Pelee Island Monarch Vidal VQA,0594275,777081510888,10777081510885,544,4791,207,18.45,1500,1,6,BOTTLE,2,2001-08-07,NULL,2015-05-03 20:38:05.683,2016-07-05 10:31:23.540
33290,0612465,Pelee Island Eco Red VQA,0612465,777081723059,10777081723056,554,7358,207,11.95,750,1,12,BOTTLE,2,2002-07-08,NULL,2015-05-03 20:38:05.683,2016-09-27 10:30:47.090
33306,0612622,Pelee Island Lighthouse Merlot VQA,0612622,777081723011,10777081723018,558,5438,207,10.00,750,1,12,BOTTLE,4,2002-03-13,2016-08-10,2015-05-03 20:38:05.683,2017-01-17 10:30:31.120
33491,0614768,Pelee Island Sauvignon Blanc,0614768,777081514640,10777081514647,530,8385,207,11.00,1500,1,6,BOTTLE,5,2006-03-24,2007-11-19,2015-05-03 20:38:05.683,NULL
33497,0614826,Pelee Island Pinot Grigio,0614826,777081514626,10777081514623,531,8384,207,17.95,1500,1,6,BOTTLE,2,2006-03-24,NULL,2015-05-03 20:38:05.683,2017-07-05 10:30:49.027
33767,0619411,Pelee Island Merlot/Cabernet,0619411,777081724209,10777081724206,536,7809,207,7.55,750,1,12,BOTTLE,5,2004-05-06,2011-11-30,2015-05-03 20:38:05.683,2015-06-12 10:36:20.773
33768,0619429,Pelee Island Merlot/Cabernet,0619429,777081524229,10777081524226,536,7809,207,13.10,1500,1,6,BOTTLE,5,2004-05-06,2011-02-15,2015-05-03 20:38:05.683,2015-05-07 02:02:53.650
33937,0621193,Pelee Island Sauvignon Blanc,0621193,777081714637,10777081714634,530,8117,207,7.20,750,1,12,BOTTLE,5,2005-05-20,2011-01-27,2015-05-03 20:38:05.683,NULL
33938,0621201,Pelee Island Shiraz,0621201,777081724599,10777081724596,537,8118,207,6.75,750,1,12,BOTTLE,4,2005-05-20,2014-08-13,2015-05-03 20:38:05.683,2015-05-07 10:10:18.280
33939,0621219,Pelee Island Pinot Grigio,0621219,777081715610,10777081715617,531,8119,207,9.45,750,1,12,BOTTLE,2,2005-05-24,NULL,2015-05-03 20:38:05.683,2017-08-29 10:42:00.407
34017,0622050,Pelee Island Gewürztraminer Reserve VQA,0622050,777081714866,10777081714863,547,8311,207,11.75,750,1,12,BOTTLE,5,2006-02-03,2009-12-07,2015-05-03 20:38:05.683,2015-05-07 11:18:39.330
34018,0622068,Pelee Island Gewürztraminer,0622068,777081514855,10777081514852,532,8310,207,19.95,1500,1,6,BOTTLE,2,2006-02-03,NULL,2015-05-03 20:38:05.683,2016-09-27 10:30:47.090
36116,0205096,Pelee Island Dry,0205096,777081110590,10777081110597,130,378,207,5.60,1000,1,12,BOTTLE,5,1987-09-01,2006-05-11,2015-05-03 20:38:05.683,NULL
36477,0208736,Pelee Island Lh Riesling Df,0208736,,0,271,717,207,4.20,750,1,12,BOTTLE,5,1987-09-09,1991-09-09,2015-05-03 20:38:05.683,NULL
37088,0214957,Pelee Island Cabernet Savignon VQA,0214957,777081725480,10777081725487,560,9154,207,14.95,750,1,12,BOTTLE,2,2010-10-14,NULL,2015-05-03 20:38:05.683,2017-06-06 10:30:43.033
37132,0215392,Pelee Island Semillon Sauvignon Blanc VQA,0215392,777081715474,10777081715471,542,9203,207,10.00,750,1,12,BOTTLE,4,2010-10-14,2016-10-13,2015-05-03 20:38:05.683,2017-01-17 10:30:31.120
37194,0216010,Pelee Island Rouge,0216010,,0,534,382,207,0.00,1000,1,6,BOTTLE,5,2010-09-02,NULL,2015-05-03 20:38:05.683,NULL
37195,0216028,Pelee Island Noir Zweigelt Ruggles Run VQA,0216028,777081720621,10777081720628,554,1627,207,10.95,750,1,12,BOTTLE,2,1988-06-02,NULL,2015-05-03 20:38:05.683,2017-08-29 10:42:00.407
37196,0216036,Pelee Island Italico Riesling (V),0216036,777081710141,10777081710148,113,1623,207,8.50,750,1,12,BOTTLE,5,1988-06-23,1998-08-13,2015-05-03 20:38:05.683,2015-05-07 03:28:26.880
37197,0216044,Pelee Island Chardonnay Reserve VQA,0216044,777081710226,10777081710223,540,375,207,12.95,750,1,12,BOTTLE,2,1988-06-02,NULL,2015-05-03 20:38:05.683,2017-05-09 10:30:41.610
37319,0217265,Pelee Island Sudbury Junrs 2 Dr Riesling *,0217265,,0,112,4540,207,6.55,750,1,12,BOTTLE,5,1988-02-26,1990-01-18,2015-05-03 20:38:05.683,NULL
37379,0217869,Pel Isl Sudbury World Jr2 Pinot Nr(1sh),0217869,,0,116,3078,207,7.05,750,1,12,BOTTLE,5,1988-02-26,1989-10-02,2015-05-03 20:38:05.683,NULL
38002,0224196,08 Pinot Gris Vendange Tardive (Pelee Island,0224196,777081714002,10777081714009,543,4394,207,16.95,750,1,12,BOTTLE,4,2010-12-09,2011-05-30,2015-05-03 20:38:05.683,NULL
38176,0225946,Pelee Island Secco VQA,0225946,777081715498,10777081715495,574,9203,207,14.95,750,1,6,BOTTLE,2,2011-01-06,NULL,2015-05-03 20:38:05.683,2017-03-14 10:30:41.217
38276,0226951,Pelee Pebbles Baco-Gamay Noir Zweigelt,0226951,777081525585,10777081525582,536,9203,207,11.65,1500,1,6,BOTTLE,4,2011-01-14,2015-11-05,2015-05-03 20:38:05.683,2017-01-17 10:30:31.120
38277,0226969,Pelee Pebbles Vidal-Hibernal,0226969,777081515630,10777081515637,532,9203,207,14.45,1500,1,6,BOTTLE,2,2011-01-14,NULL,2015-05-03 20:38:05.683,2017-08-29 10:42:00.407
38535,0229575,Pelee Island Passage White,0229575,777081510604,10777081510601,529,378,207,8.95,1500,1,6,BOTTLE,4,1988-09-08,2015-06-29,2015-05-03 20:38:05.683,2015-10-05 10:59:06.110
38931,0233585,Pelee Island Gamay Nouveau,0233585,,0,116,381,207,7.95,750,1,12,BOTTLE,5,1989-10-20,1992-10-22,2015-05-03 20:38:05.683,NULL
39085,0235184,Pelee Island 1987 Sel Harvest Ba(Scheurebe),0235184,,0,548,4394,207,9.10,375,1,24,BOTTLE,5,1988-12-15,1994-10-31,2015-05-03 20:38:05.683,NULL
40850,0253138,Pelee Island Ducks Unltd Gamay,0253138,,0,116,1626,207,4.10,750,1,12,BOTTLE,5,1989-09-06,1995-04-18,2015-05-03 20:38:05.683,NULL
41283,0257527,Pelee Island Ducks Unltd Chardonnay,0257527,,0,120,1622,207,8.95,750,1,12,BOTTLE,5,1989-09-06,1996-08-22,2015-05-03 20:38:05.683,2015-05-07 03:28:26.880
42527,0270157,Pelee Pebbles Baco-Gamay Noir Zweigelt,0270157,777081715672,10777081715679,536,4391,207,10.95,750,1,12,BOTTLE,2,2011-09-20,2016-10-26,2015-05-03 20:38:05.683,2016-12-20 10:30:30.907
42529,0270173,Pelee Pebbles Vidal Hibernal,0270173,777081725688,10777081725685,532,4391,207,10.95,750,1,12,BOTTLE,2,2011-09-20,2016-10-26,2015-05-03 20:38:05.683,2016-12-20 10:30:30.907
42951,0274498,Forward Moscato,0274498,777081715665,10777081715662,532,9203,207,10.95,750,1,12,BOTTLE,2,2012-02-13,NULL,2015-05-03 20:38:05.683,2017-08-29 10:42:00.407
42959,0274571,Pelee Classic Riesling Gft Pk**,0274571,,0,126,4541,207,22.55,1500,1,6,BOTTLE,5,1990-05-25,1993-11-29,2015-05-03 20:38:05.683,NULL
43079,0275784,#09 Shiraz (Pelee Island Winery),0275784,777081715085,10777081715082,562,4400,207,19.95,750,1,12,BOTTLE,5,2011-11-10,2013-09-17,2015-05-03 20:38:05.683,2015-05-07 02:02:53.650
43117,0276170,Pelee Island Blanc De Blanc VQA,0276170,777081710509,10777081710506,542,377,207,11.45,750,1,12,BOTTLE,2,1990-07-16,NULL,2015-05-03 20:38:05.683,2017-08-29 10:42:00.407
43364,0637199,Pelee Island Shiraz/Cabernet,0637199,777081723363,10777081723360,536,7390,207,9.95,750,1,12,BOTTLE,2,2002-10-03,NULL,2015-05-03 20:38:05.683,2017-08-29 10:42:00.407
43365,0637207,Pelee Island Shiraz/Cabernet,0637207,777081523383,10777081523380,536,7390,207,18.45,1500,1,6,BOTTLE,2,2002-10-03,NULL,2015-05-03 20:38:05.683,2017-08-29 10:42:00.407
46737,0284075,Pelee Island Battle Lake Erie,0284075,,0,224,1629,207,4.70,750,1,12,BOTTLE,5,1990-10-04,1996-03-25,2015-05-03 20:38:05.683,NULL
48220,0299198,10 Vindresser Red VQA (Pelee Island Winery),0299198,777081725756,10777081725753,554,4394,207,12.25,750,1,12,BOTTLE,5,2012-07-03,2012-10-02,2015-05-03 20:38:05.683,2016-04-11 13:13:51.500
53618,0308585,Pelee Island Blanc De Blanc VQA,0308585,777081510529,10777081510526,542,377,207,18.45,1500,1,6,BOTTLE,2,1992-04-10,NULL,2015-05-03 20:38:05.683,2017-07-05 10:30:49.027
53642,0308833,Pelee Island Baco Noir Cabernet VQA,0308833,777081725824,10777081725821,554,9203,207,13.10,750,1,12,BOTTLE,3,2012-08-10,2017-01-24,2015-05-03 20:38:05.683,2017-08-01 08:30:42.650
53643,0308841,Lucky Stones White VQA,0308841,777081715818,10777081715815,542,10518,207,6.45,750,1,12,BOTTLE,4,2012-08-10,2015-03-17,2015-05-03 20:38:05.683,2015-10-05 10:59:06.110
54539,0317933,10 Meritage VQA (Pelee Island),0317933,777081723523,10777081723520,555,4394,207,14.75,750,1,12,BOTTLE,5,2012-09-25,2013-02-19,2015-05-03 20:38:05.683,2016-07-05 10:31:23.540
58014,0325274,#11 Sauv Bl/Viognier Vinedresser (Pelee Islan,0325274,777081715764,10777081715761,542,4400,207,14.75,750,1,12,BOTTLE,5,2012-11-30,2013-09-17,2015-05-03 20:38:05.683,2016-04-11 13:13:51.500
58015,0325282,#10 Pinot Noir Rsv Vinedresser (Pelee Island,0325282,777081725770,10777081725777,557,4400,207,16.95,750,1,12,BOTTLE,5,2012-11-30,NULL,2015-05-03 20:38:05.683,2017-04-19 10:30:40.927
58074,0325902,#10 Meritage Vinedresser ( Pelee Island Winer,0325902,,0,645,4400,207,0.00,750,1,12,BOTTLE,5,2012-11-30,NULL,2015-05-03 20:38:05.683,NULL
58124,0326413,Pelee Island Pinot Grigio VQA,0326413,777081710264,10777081710261,543,4308,207,14.95,750,1,12,BOTTLE,2,1993-03-03,NULL,2015-05-03 20:38:05.683,2017-07-05 10:30:49.027
58125,0326421,Pelee Island Cabernet Sauvignon,0326421,777081720744,10777081720741,538,4309,207,10.45,750,1,12,BOTTLE,4,1993-03-03,2017-05-11,2015-05-03 20:38:05.683,2017-05-24 10:30:55.180
59675,0342279,Pelee Island Time Semi Sweet Merlot VQA,0342279,777081725954,10777081725951,558,5438,207,12.95,750,1,12,BOTTLE,4,2013-03-22,2015-11-09,2015-05-03 20:38:05.683,2015-11-23 09:30:38.170
60183,0347419,Pelee Island Moscato Red,0347419,777081726098,10777081726095,536,9203,207,6.45,750,1,12,BOTTLE,4,2013-05-15,2015-04-02,2015-05-03 20:38:05.683,2015-10-05 10:59:06.110
64042,0045617,Pelee Island Pinot Noir,0045617,777081725053,10777081725050,536,8788,207,11.95,750,1,12,BOTTLE,2,2007-03-13,NULL,2015-05-03 20:38:05.683,2017-08-01 08:30:42.650
67315,0079400,Pelee Island Baco Noir VQA,0079400,777081521280,10777081521287,556,9046,207,20.45,1500,1,6,BOTTLE,2,2008-02-15,NULL,2015-05-03 20:38:05.683,2017-02-14 10:30:42.563
67317,0079426,Pelee Island Gamay Noir Zweigelt VQA,0079426,777081520641,10777081520648,554,9047,207,20.45,1500,1,6,BOTTLE,2,2008-02-21,NULL,2015-05-03 20:38:05.683,2016-07-05 10:31:23.540
67784,0084194,Pelee Island Chenin Blanc Vidal,0084194,777081715108,10777081715105,532,9079,207,7.20,750,1,12,BOTTLE,5,2008-03-27,2011-11-30,2015-05-03 20:38:05.683,2016-09-27 10:30:47.090
70523,0398974,#13 Baco Noir Reserve (Pelee Island),0398974,,0,556,4400,207,0.00,750,1,12,BOTTLE,5,2014-07-25,2015-02-03,2015-05-07 10:28:50.367,NULL
70764,0398982,Pelee Island Cabernet Franc Rose VQA *,0398982,777081726524,10777081726521,593,3080,207,12.95,750,1,12,BOTTLE,4,2014-07-25,2015-07-03,2015-05-07 10:59:52.570,2015-08-26 22:00:53.453
70766,0411744,Pelee Island Traminer Muscat VQA,0411744,777081716563,10777081716560,542,9203,207,13.95,750,1,12,BOTTLE,2,2014-12-30,NULL,2015-05-07 10:59:52.570,2016-10-25 10:30:49.043
70767,0414508,Pelee Island Baco Noir Reserve VQA,0414508,777081726517,10777081726514,556,9203,207,14.95,750,1,12,BOTTLE,2,2014-12-31,NULL,2015-05-07 10:59:52.570,2016-10-25 10:30:49.043
71887,0427344,Forward Pinot Grigio Riesling,0427344,777081716570,10777081716577,532,9203,207,11.45,750,1,12,BOTTLE,2,2015-05-06,NULL,2015-07-06 22:00:49.573,2017-08-29 10:42:00.407
71904,0427351,Forward Malbec Cabernet,0427351,777081726593,10777081726590,536,9203,207,9.95,750,1,12,BOTTLE,2,2015-05-06,NULL,2015-07-06 22:00:49.573,2017-08-29 10:42:00.407
73525,0441519,Pelee Pebbles Red,0441519,777081526728,10777081526725,534,9203,207,15.45,1500,1,6,BOTTLE,2,2015-09-16,NULL,2015-11-07 22:00:25.010,2017-08-29 10:42:00.407
73528,0441493,Pelee Island Time Semi-Sweet Cabernet VQA,0441493,777081726708,10777081726705,554,9203,207,13.45,750,1,12,BOTTLE,2,2015-09-16,NULL,2015-11-07 22:00:25.010,2016-11-29 10:30:31.660
75847,0450981,Pelee Island Lola Blush Sparkling VQA,0450981,777081726746,10777081726743,593,9203,207,14.95,750,1,12,BOTTLE,2,2016-01-13,2017-02-27,2016-04-28 10:30:37.433,2017-06-06 10:30:43.033
79206,0470526,Pelee Island Lighthouse Semi-Sweet Riesling V,0470526,777081716853,10777081716850,541,9203,207,12.95,750,1,12,BOTTLE,2,2016-08-15,NULL,2016-10-15 10:30:35.513,2017-07-05 10:30:49.027
81851,0489088,Pelee Island Winery Eco Vidal Winery,0489088,777081717171,10777081717178,541,4399,207,10.95,750,1,12,BOTTLE,2,2016-10-26,NULL,2016-12-03 10:30:30.243,2017-07-25 10:31:25.920
82380,0484998,Pelee Island Winery Lola Vidal,0484998,777081716860,10777081716867,544,9203,207,13.95,750,1,12,BOTTLE,2,2016-10-26,NULL,2017-01-04 10:50:16.223,2017-05-30 10:30:53.080
82577,0492496,Pelee Island Winery Eco White Bag In Box,0492496,777081117094,10777081117091,542,4399,207,39.95,3000,1,4,BAGNBOX,2,2016-11-30,NULL,2017-01-14 10:30:40.140,2017-07-25 10:31:25.920
82578,0492462,Pelee Island Winery Chardonnay Vinedresser,0492462,777081716150,10777081716157,540,4399,207,17.95,750,1,12,BOTTLE,2,2016-11-30,NULL,2017-01-14 10:30:40.140,2017-07-25 10:31:25.920
82581,0492488,Pelee Island Winery Eco Red Bag In Box,0492488,777081127086,10777081127083,554,4399,207,39.95,3000,1,4,BAGNBOX,2,2016-11-30,NULL,2017-01-14 10:30:40.140,2017-07-25 10:31:25.920
82582,0492470,Pelee Island Winery Cabernet Sauvignon Petit,0492470,777081725336,10777081725333,554,4399,207,19.95,750,1,12,BOTTLE,2,2016-11-30,NULL,2017-01-14 10:30:40.140,2017-07-25 10:31:25.920
84908,0492215,Pelee Island Monarch Vidal VQA Bag In Box,0492215,777081117117,10777081117114,544,4791,207,39.95,3000,1,4,BAGNBOX,2,2016-11-29,NULL,2017-04-28 10:30:39.880,2017-05-09 10:30:41.610
84923,0492223,Pelee Island Rouge Bag In Box,0492223,777081127215,10777081127212,534,382,207,24.95,3000,1,4,BAGNBOX,2,2016-11-29,NULL,2017-04-28 10:30:39.880,2017-05-09 10:30:41.610
